{
  "worldbank": {
    "unemployment_AFE_2000": 7.78831690275508,
    "unemployment_AFW_2000": 4.55111905984559,
    "unemployment_ARB_2000": 12.6274870577085,
    "unemployment_CSS_2000": 11.5264333346702,
    "unemployment_CEB_2000": 12.1661215560372,
    "unemployment_EAR_2000": 7.11472249654015,
    "unemployment_EAS_2000": 3.55420828634153,
    "unemployment_EAP_2000": 3.42330379281354,
    "unemployment_TEA_2000": 3.42896287038122,
    "unemployment_EMU_2000": 9.47224221882325,
    "unemployment_ECS_2000": 9.68992008060942,
    "unemployment_ECA_2000": 10.7484483274832,
    "unemployment_TEC_2000": 11.0252036761132,
    "unemployment_EUU_2000": 9.70649119804801,
    "unemployment_FCS_2000": 5.88813224341885,
    "unemployment_HPC_2000": 5.15456136215711,
    "unemployment_IBD_2000": 6.55733674014356,
    "unemployment_IBT_2000": 6.15636406177533,
    "unemployment_IDB_2000": 3.83122287611329,
    "unemployment_IDX_2000": 4.7402535311592,
    "unemployment_IDA_2000": 4.43736752604206,
    "unemployment_LTE_2000": 5.28526433408884,
    "unemployment_LCN_2000": 9.461823301645,
    "unemployment_LAC_2000": 9.17880511924025,
    "unemployment_TLA_2000": 9.54724386782,
    "unemployment_LDC_2000": 4.69621008348711,
    "unemployment_LMY_2000": 5.82506784093745,
    "unemployment_MEA_2000": 12.0659790449942,
    "unemployment_MNA_2000": 13.0877495079356,
    "unemployment_TMN_2000": 13.1062226879005,
    "unemployment_MIC_2000": 5.88304695947759,
    "unemployment_NAC_2000": 4.27316817166147,
    "unemployment_OED_2000": 6.71539711222802,
    "unemployment_OSS_2000": 10.2914019994802,
    "unemployment_PSS_2000": 4.41758167634957,
    "unemployment_PST_2000": 6.53497084664272,
    "unemployment_PRE_2000": 5.14246869302464,
    "unemployment_SST_2000": 9.7615148817054,
    "unemployment_SAS_2000": 6.65606873614265,
    "unemployment_TSA_2000": 6.65606873614265,
    "unemployment_SSF_2000": 6.43551093234137,
    "unemployment_SSA_2000": 6.43551093234137,
    "unemployment_TSS_2000": 6.43551093234137,
    "unemployment_WLD_2000": 6.12304074094227,
    "unemployment_AFG_2000": 7.935,
    "unemployment_ALB_2000": 19.023,
    "unemployment_DZA_2000": 29.77,
    "unemployment_AGO_2000": 16.682,
    "unemployment_ARG_2000": 15.0,
    "unemployment_ARM_2000": 11.095,
    "unemployment_AUS_2000": 6.288,
    "unemployment_AUT_2000": 4.687,
    "unemployment_AZE_2000": 11.78,
    "unemployment_BHS_2000": 7.12,
    "unemployment_BHR_2000": 1.083,
    "unemployment_BGD_2000": 3.27,
    "unemployment_BRB_2000": 9.35,
    "unemployment_BLR_2000": 12.224,
    "unemployment_BEL_2000": 6.586,
    "unemployment_BLZ_2000": 10.836,
    "unemployment_BEN_2000": 0.864,
    "unemployment_BTN_2000": 1.66,
    "unemployment_BOL_2000": 2.447,
    "unemployment_BIH_2000": 25.187,
    "unemployment_BWA_2000": 15.88,
    "unemployment_BRA_2000": 10.889,
    "unemployment_BRN_2000": 5.459,
    "unemployment_BGR_2000": 16.218,
    "unemployment_BFA_2000": 2.679,
    "unemployment_BDI_2000": 3.129,
    "unemployment_CPV_2000": 13.088,
    "unemployment_KHM_2000": 0.744,
    "unemployment_CMR_2000": 7.536,
    "unemployment_CAN_2000": 6.829,
    "unemployment_CAF_2000": 5.362,
    "unemployment_TCD_2000": 0.79,
    "unemployment_CHI_2000": 5.551,
    "unemployment_CHL_2000": 10.491,
    "unemployment_CHN_2000": 3.26,
    "unemployment_COL_2000": 20.52,
    "unemployment_COM_2000": 4.398,
    "unemployment_COD_2000": 3.234,
    "unemployment_COG_2000": 19.87,
    "unemployment_CRI_2000": 5.08,
    "unemployment_CIV_2000": 4.816,
    "unemployment_HRV_2000": 16.064,
    "unemployment_CUB_2000": 5.45,
    "unemployment_CYP_2000": 4.766,
    "unemployment_CZE_2000": 8.764,
    "unemployment_DNK_2000": 4.476,
    "unemployment_DJI_2000": 26.664,
    "unemployment_DOM_2000": 6.432,
    "unemployment_ECU_2000": 4.8,
    "unemployment_EGY_2000": 8.98,
    "unemployment_SLV_2000": 6.96,
    "unemployment_GNQ_2000": 7.955,
    "unemployment_ERI_2000": 5.608,
    "unemployment_EST_2000": 13.36,
    "unemployment_SWZ_2000": 24.502,
    "unemployment_ETH_2000": 3.5,
    "unemployment_FJI_2000": 4.7,
    "unemployment_FIN_2000": 11.134,
    "unemployment_FRA_2000": 10.218,
    "unemployment_PYF_2000": 11.579,
    "unemployment_GAB_2000": 17.789,
    "unemployment_GMB_2000": 9.787,
    "unemployment_GEO_2000": 10.82,
    "unemployment_DEU_2000": 7.917,
    "unemployment_GHA_2000": 10.456,
    "unemployment_GRC_2000": 11.345,
    "unemployment_GUM_2000": 15.32,
    "unemployment_GTM_2000": 2.606,
    "unemployment_GIN_2000": 4.599,
    "unemployment_GNB_2000": 3.557,
    "unemployment_GUY_2000": 11.93,
    "unemployment_HTI_2000": 8.454,
    "unemployment_HND_2000": 3.881,
    "unemployment_HKG_2000": 4.92,
    "unemployment_HUN_2000": 6.563,
    "unemployment_ISL_2000": 1.936,
    "unemployment_IND_2000": 7.624,
    "unemployment_IDN_2000": 6.077,
    "unemployment_IRN_2000": 11.696,
    "unemployment_IRQ_2000": 8.058,
    "unemployment_IRL_2000": 4.318,
    "unemployment_ISR_2000": 11.102,
    "unemployment_ITA_2000": 10.834,
    "unemployment_JAM_2000": 6.762,
    "unemployment_JPN_2000": 4.748,
    "unemployment_JOR_2000": 13.7,
    "unemployment_KAZ_2000": 12.75,
    "unemployment_KEN_2000": 2.889,
    "unemployment_PRK_2000": 3.05,
    "unemployment_KOR_2000": 4.063,
    "unemployment_KWT_2000": 0.8,
    "unemployment_KGZ_2000": 1.858,
    "unemployment_LAO_2000": 2.046,
    "unemployment_LVA_2000": 14.211,
    "unemployment_LBN_2000": 8.603,
    "unemployment_LSO_2000": 16.227,
    "unemployment_LBR_2000": 2.231,
    "unemployment_LBY_2000": 19.201,
    "unemployment_LTU_2000": 15.931,
    "unemployment_LUX_2000": 2.345,
    "unemployment_MAC_2000": 6.874,
    "unemployment_MDG_2000": 5.8,
    "unemployment_MWI_2000": 5.048,
    "unemployment_MYS_2000": 3.0,
    "unemployment_MDV_2000": 1.97,
    "unemployment_MLI_2000": 1.414,
    "unemployment_MLT_2000": 6.324,
    "unemployment_MRT_2000": 10.033,
    "unemployment_MUS_2000": 9.138,
    "unemployment_MEX_2000": 2.646,
    "unemployment_MDA_2000": 8.539,
    "unemployment_MNG_2000": 5.993,
    "unemployment_MNE_2000": 30.609,
    "unemployment_MAR_2000": 13.58,
    "unemployment_MOZ_2000": 2.833,
    "unemployment_MMR_2000": 0.717,
    "unemployment_NAM_2000": 20.3,
    "unemployment_NPL_2000": 10.551,
    "unemployment_NLD_2000": 2.725,
    "unemployment_NCL_2000": 17.984,
    "unemployment_NZL_2000": 6.13,
    "unemployment_NIC_2000": 7.162,
    "unemployment_NER_2000": 1.431,
    "unemployment_NGA_2000": 3.963,
    "unemployment_MKD_2000": 32.2,
    "unemployment_NOR_2000": 3.458,
    "unemployment_OMN_2000": 4.331,
    "unemployment_PAK_2000": 0.634,
    "unemployment_PAN_2000": 6.264,
    "unemployment_PNG_2000": 2.92,
    "unemployment_PRY_2000": 7.61,
    "unemployment_PER_2000": 4.958,
    "unemployment_PHL_2000": 3.767,
    "unemployment_POL_2000": 14.928,
    "unemployment_PRT_2000": 3.806,
    "unemployment_PRI_2000": 10.08,
    "unemployment_QAT_2000": 0.87,
    "unemployment_ROU_2000": 6.969,
    "unemployment_RUS_2000": 10.581,
    "unemployment_RWA_2000": 11.731,
    "unemployment_WSM_2000": 4.734,
    "unemployment_STP_2000": 14.4,
    "unemployment_SAU_2000": 4.57,
    "unemployment_SEN_2000": 2.668,
    "unemployment_SRB_2000": 12.6,
    "unemployment_SLE_2000": 4.08,
    "unemployment_SGP_2000": 3.7,
    "unemployment_SVK_2000": 18.546,
    "unemployment_SVN_2000": 6.92,
    "unemployment_SLB_2000": 2.45,
    "unemployment_SOM_2000": 18.98,
    "unemployment_ZAF_2000": 22.714,
    "unemployment_SSD_2000": 12.325,
    "unemployment_ESP_2000": 13.785,
    "unemployment_LKA_2000": 7.74,
    "unemployment_LCA_2000": 16.49,
    "unemployment_VCT_2000": 20.794,
    "unemployment_SDN_2000": 15.608,
    "unemployment_SUR_2000": 12.983,
    "unemployment_SWE_2000": 5.466,
    "unemployment_CHE_2000": 2.658,
    "unemployment_SYR_2000": 9.587,
    "unemployment_TJK_2000": 4.15,
    "unemployment_TZA_2000": 3.127,