{
  "worldbank": {
    "energy_use_AFG_2006": null,
    "energy_use_ALB_2006": 707.890606549635,
    "energy_use_DZA_2006": 1032.63866815022,
    "energy_use_AND_2006": null,
    "energy_use_AGO_2006": 422.909458684002,
    "energy_use_ARG_2006": 1784.01669776279,
    "energy_use_ARM_2006": 818.274997390362,
    "energy_use_AUS_2006": 5775.11675226564,
    "energy_use_AUT_2006": 4105.07525027388,
    "energy_use_AZE_2006": 1559.84917576741,
    "energy_use_BHS_2006": 2026.55184786509,
    "energy_use_BHR_2006": 11582.0205666291,
    "energy_use_BGD_2006": 168.32467252269,
    "energy_use_BRB_2006": 1474.06315508774,
    "energy_use_BLR_2006": 2974.24553406449,
    "energy_use_BEL_2006": 5445.56547084695,
    "energy_use_BLZ_2006": 597.475319406137,
    "energy_use_BEN_2006": 339.270972775752,
    "energy_use_BTN_2006": 314.550260212075,
    "energy_use_BOL_2006": 568.36995826632,
    "energy_use_BIH_2006": 1304.39455421949,
    "energy_use_BWA_2006": 1096.75774429819,
    "energy_use_BRA_2006": 1202.05933940304,
    "energy_use_BRN_2006": 8644.25613377398,
    "energy_use_BGR_2006": 2696.78264240444,
    "energy_use_BFA_2006": 160.051947053493,
    "energy_use_BDI_2006": null,
    "energy_use_KHM_2006": 289.726360027538,
    "energy_use_CMR_2006": 385.035153073309,
    "energy_use_CAN_2006": 8422.73319617476,
    "energy_use_CPV_2006": 207.854452975987,
    "energy_use_CAF_2006": null,
    "energy_use_TCD_2006": 224.010107053053,
    "energy_use_CHL_2006": 1788.47442583539,
    "energy_use_CHN_2006": 1486.39617489664,
    "energy_use_COL_2006": 678.542899481449,
    "energy_use_COM_2006": 69.4498415055403,
    "energy_use_COG_2006": 369.707983010852,
    "energy_use_CRI_2006": 974.343838741737,
    "energy_use_CIV_2006": 460.427068503443,
    "energy_use_HRV_2006": 2247.14619166641,
    "energy_use_CUB_2006": 943.950122138325,
    "energy_use_CYP_2006": 2209.33213219678,
    "energy_use_CZE_2006": 4519.45697588637,
    "energy_use_COD_2006": 285.454693557021,
    "energy_use_DNK_2006": 3729.69717999863,
    "energy_use_DJI_2006": 167.102144983897,
    "energy_use_DMA_2006": 610.41188268465,
    "energy_use_DOM_2006": 792.6097043369,
    "energy_use_ECU_2006": 811.02739152362,
    "energy_use_EGY_2006": 806.249709401288,
    "energy_use_SLV_2006": 686.957827636037,
    "energy_use_GNQ_2006": 1362.7589016065,
    "energy_use_ERI_2006": 245.383387133755,
    "energy_use_EST_2006": 4006.73962643142,
    "energy_use_SWZ_2006": 900.421781084863,
    "energy_use_ETH_2006": 366.046138985671,
    "energy_use_FJI_2006": 627.8324058111,
    "energy_use_FIN_2006": 7106.70978937984,
    "energy_use_FRA_2006": 4214.29234630039,
    "energy_use_GAB_2006": 2263.43017323991,
    "energy_use_GMB_2006": 66.4616460917346,
    "energy_use_GEO_2006": 781.34402083108,
    "energy_use_DEU_2006": 4235.93876578004,
    "energy_use_GHA_2006": 275.072843065691,
    "energy_use_GRC_2006": 2748.70086926019,
    "energy_use_GRD_2006": 735.461025105552,
    "energy_use_GTM_2006": 686.763346928881,
    "energy_use_GIN_2006": null,
    "energy_use_GNB_2006": 63.5906233506182,
    "energy_use_GUY_2006": 658.791039387799,
    "energy_use_HTI_2006": 367.726653817866,
    "energy_use_HND_2006": 563.815954585841,
    "energy_use_HUN_2006": 2760.46242793694,
    "energy_use_ISL_2006": 13184.4771597611,
    "energy_use_IND_2006": 441.786253247166,
    "energy_use_IDN_2006": 643.624554536871,
    "energy_use_IRN_2006": 2459.04565215879,
    "energy_use_IRQ_2006": 916.179043545813,
    "energy_use_IRL_2006": 3433.14872836764,
    "energy_use_ISR_2006": 2883.01357713219,
    "energy_use_ITA_2006": 3176.15781064622,
    "energy_use_JAM_2006": 1470.67499756086,
    "energy_use_JPN_2006": 4064.36063398842,
    "energy_use_JOR_2006": 1066.3573147471,
    "energy_use_KAZ_2006": 3763.63490829315,
    "energy_use_KEN_2006": 458.805496880821,
    "energy_use_KIR_2006": 99.9830028895088,
    "energy_use_PRK_2006": 878.701770260996,
    "energy_use_KOR_2006": 4337.55103463972,
    "energy_use_KWT_2006": 10451.2180900059,
    "energy_use_KGZ_2006": 485.424849059713,
    "energy_use_LAO_2006": 349.385020841441,
    "energy_use_LVA_2006": 2114.39349147162,
    "energy_use_LBN_2006": 985.785471251008,
    "energy_use_LSO_2006": 9.76832112893001,
    "energy_use_LBR_2006": null,
    "energy_use_LBY_2006": 2733.38300724871,
    "energy_use_LIE_2006": null,
    "energy_use_LTU_2006": 2669.90395839998,
    "energy_use_LUX_2006": 9172.05598332149,
    "energy_use_MDG_2006": 250.834742473721,
    "energy_use_MWI_2006": null,
    "energy_use_MYS_2006": 2472.12683283587,
    "energy_use_MDV_2006": 917.632889492147,
    "energy_use_MLI_2006": null,
    "energy_use_MLT_2006": 2095.17873042085,
    "energy_use_MHL_2006": 577.011847976612,
    "energy_use_MRT_2006": null,
    "energy_use_MUS_2006": 1006.02062916824,
    "energy_use_MEX_2006": 1711.48201994753,
    "energy_use_FSM_2006": null,
    "energy_use_MDA_2006": 1197.85781024639,
    "energy_use_MCO_2006": null,
    "energy_use_MNG_2006": 1301.09928192751,
    "energy_use_MNE_2006": 1841.6794367328,
    "energy_use_MAR_2006": 486.582730066603,
    "energy_use_MOZ_2006": 428.692521920125,
    "energy_use_MMR_2006": 314.353500872765,
    "energy_use_NAM_2006": 693.015801871712,
    "energy_use_NRU_2006": null,
    "energy_use_NPL_2006": 343.770753341625,
    "energy_use_NLD_2006": 4840.784340365,
    "energy_use_NZL_2006": 4023.01740657031,
    "energy_use_NIC_2006": 538.914055514578,
    "energy_use_NER_2006": 124.905224384617,
    "energy_use_NGA_2006": 287.950796331134,
    "energy_use_MKD_2006": 1486.59574899626,
    "energy_use_NOR_2006": 6319.15452788829,
    "energy_use_OMN_2006": 6138.77344250291,
    "energy_use_PAK_2006": 443.865350777373,
    "energy_use_PLW_2006": null,
    "energy_use_PSE_2006": null,
    "energy_use_PAN_2006": 874.56606978567,
    "energy_use_PNG_2006": null,
    "energy_use_PRY_2006": 742.137810783961,
    "energy_use_PER_2006": 503.243223308839,
    "energy_use_PHL_2006": 423.356012358413,
    "energy_use_POL_2006": 2538.76112384258,
    "energy_use_PRT_2006": 2390.46374599498,
    "energy_use_QAT_2006": 20140.3428752631,
    "energy_use_ROU_2006": 1881.71766548482,
    "energy_use_RUS_2006": 4689.15108443259,
    "energy_use_RWA_2006": 350.903344670586,
    "energy_use_KNA_2006": 1696.40748137173,
    "energy_use_LCA_2006": 714.118543678251,
    "energy_use_VCT_2006": 624.921884764404,
    "energy_use_WSM_2006": 303.661518627237,
    "energy_use_SMR_2006": null,
    "energy_use_STP_2006": 265.639527161642,
    "energy_use_SAU_2006": 6605.44101687621,
    "energy_use_SEN_2006": 241.589611245821,
    "energy_use_SRB_2006": 2293.67913246219,
    "energy_use_SYC_2006": 2872.34042553192,
    "energy_use_SLE_2006": null,
    "energy_use_SGP_2006": 5128.30865666219,
    "energy_use_SVK_2006": 3469.42737880421,
    "energy_use_SVN_2006": 3735.02431343807,
    "energy_use_SLB_2006": 120.017738214868,
    "energy_use_SOM_2006": null,
    "energy_use_ZAF_2006": 2377.14602269064,
    "energy_use_SSD_2006": null,
    "energy_use_ESP_2006": 3190.72627710892,
    "energy_use_LKA_2006": 446.303743469172,
    "energy_use_SDN_2006": 508.243151523165,
    "energy_use_SUR_2006": 1174.71907397922,
    "energy_use_SWE_2006": 5532.76265714386,
    "energy_use_CHE_2006": 3600.20599088199,
    "energy_use_SYR_2006": 1101.63821463784,
    "energy_use_TWN_2006": null,
    "energy_use_TJK_2006": 341.863711848015,
    "energy_use_TZA_2006": 429.313725233187,
    "energy_use_THA_2006": 1525.12619877511,
    "energy_use_TLS_2006": 60.4138656989526,
    "energy_use_TGO_2006": 394.055905016925,
    "energy_use_TON_2006": 536.455441258129,
    "energy_use_TTO_2006": 13820.6467519783,
    "energy_use_TUN_2006": 845.985604662777,
    "energy_use_TUR_2006": 1328.69230138979,
    "energy_use_TKM_2006": 3604.33240214602,
    "energy_use_TUV_2006": null,
    "energy_use_UGA_2006": 393.870894212368,
    "energy_use_UKR_2006": 2866.6234732695,